Plat,Ingrédient,Quantité
Asperge au jambon,Asperges,1 kg
Asperge au jambon,Jambon,10 tranches
Asperge au jambon,Fromage râpé,100 g
Asperge au jambon,Crème fraîche,250 ml
Asperge au jambon,Sel,au goût
Asperge au jambon,Poivre,au goût
Assiette tunisienne,Couscous,500 g
Assiette tunisienne,Merguez,5
Assiette tunisienne,Pois chiches,500 g
Assiette tunisienne,Tomates,5
Assiette tunisienne,Concombre,1
Assiette tunisienne,Œufs,5
Assiette tunisienne,Olives noires,50 g
Assiette tunisienne,Olives vertes,50 g
Assiette tunisienne,Harissa,5 cuil. à soupe
Assiette tunisienne,Sel,au goût
Assiette tunisienne,Poivre,au goût
Assiette tunisienne,Huile d'olive,au goût
Assiette tunisienne,Citron,1
Barbecue,Côte de bœuf,1 kg
Barbecue,Saucisses,5
Barbecue,Brochettes de poulet,5
Barbecue,"""Marinade (huile d'olive,  ail,  herbes de Provence)""",au goût
Barbecue,Sel,au goût
Barbecue,Poivre,au goût
Beignet blé oignon,Farine de blé,500 g
Beignet blé oignon,Oignons,3
Beignet blé oignon,Œufs,3
Beignet blé oignon,Lait,250 ml
Beignet blé oignon,Levure chimique,10 g
Beignet blé oignon,Sel,au goût
Beignet blé oignon,Poivre,au goût
Beignet blé oignon,Huile pour friture,au besoin
Blanquette de veau  Cookeo,Veau,1 kg
Blanquette de veau  Cookeo,Carottes,5
Blanquette de veau  Cookeo,Oignons,2
Blanquette de veau  Cookeo,Champignons de Paris,200 g
Blanquette de veau  Cookeo,Bouillon de volaille,1 l
Blanquette de veau  Cookeo,Crème fraîche,200 ml
Blanquette de veau  Cookeo,Farine,30 g
Blanquette de veau  Cookeo,Beurre,50 g
Blanquette de veau  Cookeo,Sel,au goût
Blanquette de veau  Cookeo,Poivre,au goût
Blé façon risotto  Compagnion,Blé,400 g
Blé façon risotto  Compagnion,Bouillon de légumes,1 l
Blé façon risotto  Compagnion,Champignons,200 g
Blé façon risotto  Compagnion,Parmesan râpé,100 g
Blé façon risotto  Compagnion,Crème fraîche,200 ml
Blé façon risotto  Compagnion,Beurre,50 g
Blé façon risotto  Compagnion,Oignons,2
Blé façon risotto  Compagnion,Ail,2 gousses
Blé façon risotto  Compagnion,Sel,au goût
Blé façon risotto  Compagnion,Poivre,au goût
Bœuf bourguignon  Compagnion,Bœuf,1.5 kg
Bœuf bourguignon  Compagnion,Carottes,5
Bœuf bourguignon  Compagnion,Oignons,2
Bœuf bourguignon  Compagnion,Lardons,200 g
Bœuf bourguignon  Compagnion,Champignons,200 g
Bœuf bourguignon  Compagnion,Vin rouge,750 ml
Bœuf bourguignon  Compagnion,Bouillon de bœuf,500 ml
Bœuf bourguignon  Compagnion,Ail,2 gousses
Bœuf bourguignon  Compagnion,Farine,30 g
Bœuf bourguignon  Compagnion,Beurre,50 g
Bœuf bourguignon  Compagnion,Thym,2 branches
Bœuf bourguignon  Compagnion,Feuille de laurier,2
Bœuf bourguignon  Compagnion,Sel,au goût
Bœuf bourguignon  Compagnion,Poivre,au goût
Bœuf façon moussaka  Cookeo,Bœuf haché,1 kg
Bœuf façon moussaka  Cookeo,Aubergines,3
Bœuf façon moussaka  Cookeo,Tomates concassées,500 g
Bœuf façon moussaka  Cookeo,Oignons,2
Bœuf façon moussaka  Cookeo,Bechamel,500 ml
Bœuf façon moussaka  Cookeo,Fromage râpé,100 g
Bœuf façon moussaka  Cookeo,Huile d'olive,au goût
Bœuf façon moussaka  Cookeo,Sel,au goût
Bœuf façon moussaka  Cookeo,Poivre,au goût
bouchées à la reine,Pâte feuilletée,10 croûtes
bouchées à la reine,Blanc de poulet,500 g
bouchées à la reine,Champignons,200 g
bouchées à la reine,Béchamel,500 ml
bouchées à la reine,Crème fraîche,100 ml
bouchées à la reine,Cognac,50 ml
bouchées à la reine,Sel,au goût
bouchées à la reine,Poivre,au goût
Boulette de viande à l'indienne  Cookeo,Bœuf haché,1 kg
Boulette de viande à l'indienne  Cookeo,Oignons,2
Boulette de viande à l'indienne  Cookeo,Ail,2 gousses
Boulette de viande à l'indienne  Cookeo,Coriandre,1 botte
Boulette de viande à l'indienne  Cookeo,Cumin,1 cuil. à café
Boulette de viande à l'indienne  Cookeo,Curcuma,1 cuil. à café
Boulette de viande à l'indienne  Cookeo,Farine,30 g
Boulette de viande à l'indienne  Cookeo,Huile d'olive,au goût
Boulette de viande à l'indienne  Cookeo,Sel,au goût
Boulette de viande à l'indienne  Cookeo,Poivre,au goût
Boulettes de bœuf sauce tomate pates ou riz,Bœuf haché,1 kg
Boulettes de bœuf sauce tomate pateso u riz,Oignons,2
Boulettes de bœuf sauce tomate pates ou riz,Ail,2 gousses
Boulettes de bœuf sauce tomate pates ou riz,Pain,100 g
Boulettes de bœuf sauce tomate pates ou riz,Lait,100 ml
Boulettes de bœuf sauce tomate pates ou riz,Œufs,2
Boulettes de bœuf sauce tomate pates ou riz,Tomates concassées,800 g
Boulettes de bœuf sauce tomate pates ou riz,Herbes de Provence,2 cuil. à soupe
Boulettes de bœuf sauce tomate pates ou riz,Huile d'olive,au goût
Boulettes de bœuf sauce tomate pates ou riz,Sel,au goût
Boulettes de bœuf sauce tomate pates ou riz,Poivre,au goût
brocoli crème lardons,Brocoli,500 g
brocoli crème lardons,Lardons,200 g
brocoli crème lardons,Crème fraîche,200 ml
brocoli crème lardons,Sel,au goût
brocoli crème lardons,Poivre,au goût
Cabillaud crumble chorizo cookeo extra crisp,Cabillaud,1 kg
Cabillaud crumble chorizo cookeo extra crisp,Chorizo,200 g
Cabillaud crumble chorizo cookeo extra crisp,Farine,100 g
Cabillaud crumble chorizo cookeo extra crisp,Beurre,100 g
Cabillaud crumble chorizo cookeo extra crisp,Sel,au goût
Cabillaud crumble chorizo cookeo extra crisp,Poivre,au goût
Cappuccino de butternut,Butternut,1 kg
Cappuccino de butternut,Bouillon de volaille,1 l
Cappuccino de butternut,Crème fraîche,200 ml
Cappuccino de butternut,Parmesan râpé,50 g
Cappuccino de butternut,Sel,au goût
Cappuccino de butternut,Poivre,au goût
Cassoulet  Cookeo,Carottes,5
Cassoulet  Cookeo,Oignons,2
Cassoulet  Cookeo,Ail,3 gousses
Cassoulet  Cookeo,Bouillon de volaille,1 l
Cassoulet  Cookeo,Tomates concassées,500 g
Cassoulet  Cookeo,Thym,2 branches
Cassoulet  Cookeo,Feuille de laurier,2
Cassoulet  Cookeo,Sel,au goût
Cassoulet  Cookeo,Poivre,au goût
Chakchouka  Cookeo,Tomates,1 kg
Chakchouka  Cookeo,Poivrons,3
Chakchouka  Cookeo,Oignons,2
Chakchouka  Cookeo,Ail,3 gousses
Chakchouka  Cookeo,Œufs,5
Chakchouka  Cookeo,Huile d'olive,au goût
Chakchouka  Cookeo,Paprika,1 cuil. à café
Chakchouka  Cookeo,Cumin,1 cuil. à café
Chakchouka  Cookeo,Sel,au goût
Chakchouka  Cookeo,Poivre,au goût
Chili  Cookeo,Bœuf haché,1 kg
Chili  Cookeo,Haricots rouges,500 g
Chili  Cookeo,Tomates concassées,500 g
Chili  Cookeo,Poivrons,3
Chili  Cookeo,Oignons,2
Chili  Cookeo,Ail,3 gousses
Chili  Cookeo,Maïs,200 g
Chili  Cookeo,Huile d'olive,au goût
Chili  Cookeo,Chili en poudre,2 cuil. à café
Chili  Cookeo,Cumin,1 cuil. à café
Chili  Cookeo,Sel,au goût
Chili  Cookeo,Poivre,au goût
Chou fleur à la crème de camembert,Choufleur,1 kg
Chou fleur à la crème de camembert,Camembert,250 g
Chou fleur à la crème de camembert,Crème fraîche,200 ml
Chou fleur à la crème de camembert,Beurre,50 g
Chou fleur à la crème de camembert,Sel,au goût
Chou fleur à la crème de camembert,Poivre,au goût
Choucroute,Choucroute crue,1.5 kg
Choucroute,Saucisses de Strasbourg,5
Choucroute,Saucisses de Montbéliard,5
Choucroute,Lardons,200 g
Choucroute,Palette de porc,1 kg
Choucroute,Viande fumée,1 kg
Choucroute,Pommes de terre,1 kg
Choucroute,Carottes,5
Choucroute,Oignons,2
Choucroute,Vin blanc,750 ml
Choucroute,Bouillon,500 ml
Choucroute,Sel,au goût
Choucroute,Poivre,au goût
Choux farcis,Choux verts,2
Choux farcis,Bœuf haché,1 kg
Choux farcis,Porc haché,500 g
Choux farcis,Oignons,2
Choux farcis,Ail,3 gousses
Choux farcis,Œufs,2
Choux farcis,Crème fraîche,200 ml
Choux farcis,Beurre,50 g
Choux farcis,Sel,au goût
Choux farcis,Poivre,au goût
Colombo de poulet  Cookeo,Poulet,1.5 kg
Colombo de poulet  Cookeo,Carottes,5
Colombo de poulet  Cookeo,Poivrons,3
Colombo de poulet  Cookeo,Oignons,2
Colombo de poulet  Cookeo,Ail,3 gousses
Colombo de poulet  Cookeo,Pomme de terre,5
Colombo de poulet  Cookeo,Courgette,3
Colombo de poulet  Cookeo,Colombo en poudre,3 cuil. à soupe
Colombo de poulet  Cookeo,Bouillon de volaille,1 l
Colombo de poulet  Cookeo,Huile d'olive,au goût
Colombo de poulet  Cookeo,Sel,au goût
Colombo de poulet  Cookeo,Poivre,au goût
Cordon bleu pate,Escalopes de poulet,5
Cordon bleu pate,Jambon,5 tranches
Cordon bleu pate,Fromage râpé,200 g
Cordon bleu pate,Farine,100 g
Cordon bleu pate,Œufs,2
Cordon bleu pate,Chapelure,200 g
Cordon bleu pate,Sel,au goût
Cordon bleu pate,Poivre,au goût
Cordon bleu semoule,Escalopes de poulet,5
Cordon bleu semoule,Jambon,5 tranches
Cordon bleu semoule,Fromage râpé,200 g
Cordon bleu semoule,Farine,100 g
Cordon bleu semoule,Œufs,2
Cordon bleu semoule,Chapelure,200 g
Cordon bleu semoule,Sel,au goût
Cordon bleu semoule,Poivre,au goût
Côtes de porc,Côtes de porc,5
Côtes de porc,Huile d'olive,au goût
Côtes de porc,Herbes de Provence,2 cuil. à soupe
Côtes de porc,Sel,au goût
Côtes de porc,Poivre,au goût
Courgette farcie,Courgettes,5
Courgette farcie,Bœuf haché,1 kg
Courgette farcie,Oignons,2
Courgette farcie,Ail,3 gousses
Courgette farcie,Tomates concassées,500 g
Courgette farcie,Fromage râpé,100 g
Courgette farcie,Huile d'olive,au goût
Courgette farcie,Sel,au goût
Courgette farcie,Poivre,au goût
Courgette Viande haché kiri  Cookeo,Courgettes,5
Courgette Viande haché kiri  Cookeo,Bœuf haché,1 kg
Courgette Viande haché kiri  Cookeo,Oignons,2
Courgette Viande haché kiri  Cookeo,Ail,3 gousses
Courgette Viande haché kiri  Cookeo,Kiri,10 portions
Courgette Viande haché kiri  Cookeo,Tomates concassées,500 g
Courgette Viande haché kiri  Cookeo,Huile d'olive,au goût
Courgette Viande haché kiri  Cookeo,Sel,au goût
Courgette Viande haché kiri  Cookeo,Poivre,au goût
Couscous  Cookeo,Semoule de couscous,500 g
Couscous  Cookeo,Poulet,1 kg
Couscous  Cookeo,Merguez,5
Couscous  Cookeo,Carottes,5
Couscous  Cookeo,Navets,3
Couscous  Cookeo,Courgettes,3
Couscous  Cookeo,Tomates concassées,500 g
Couscous  Cookeo,Poivrons,3
Couscous  Cookeo,Poichiches,500 g
Couscous  Cookeo,Oignons,2
Couscous  Cookeo,Ail,3 gousses
Couscous  Cookeo,Épices à couscous,3 cuil. à soupe
Couscous  Cookeo,Huile d'olive,au goût
Couscous  Cookeo,Bouillon de volaille,1 l
Couscous  Cookeo,Sel,au goût
Couscous  Cookeo,Poivre,au goût
Crêpes enfant,Farine,500 g
Crêpes enfant,Œufs,5
Crêpes enfant,Lait,1 l
Crêpes enfant,Sucre,100 g
Crêpes enfant,Beurre,50 g
Crêpes enfant,Sel,1 pincée
Croque courgette chèvre tomate,Pain de mie,10 tranches
Croque courgette chèvre tomate,Courgettes,2
Croque courgette chèvre tomate,Chèvre,200 g
Croque courgette chèvre tomate,Tomates,5
Croque courgette chèvre tomate,Fromage râpé,100 g
Croque courgette chèvre tomate,Sel,au goût
Croque courgette chèvre tomate,Poivre,au goût
Croque Monsieur,Pain de mie,10 tranches
Croque Monsieur,Jambon,5 tranches
Croque Monsieur,Fromage râpé,100 g
Croque Monsieur,Beurre,50 g
Croque Monsieur,Béchamel,200 ml
Croque Monsieur,Sel,au goût
Croque Monsieur,Poivre,au goût
Croque Monsieur pesto rouge chèvre jambon,Pain de mie,10 tranches
Croque Monsieur pesto rouge chèvre jambon,Pesto rouge,200 g
Croque Monsieur pesto rouge chèvre jambon,Chèvre,200 g
Croque Monsieur pesto rouge chèvre jambon,Jambon,5 tranches
Croque Monsieur pesto rouge chèvre jambon,Fromage râpé,100 g
Croque Monsieur pesto rouge chèvre jambon,Beurre,50 g
Croque tablette,Pain de mie,20 tranches
Croque tablette,Jambon,10 tranches
Croque tablette,Fromage râpé,200 g
Croque tablette,Béchamel,400 ml
Croque tablette,Sel,au goût
Croque tablette,Poivre,au goût
Croque tablette poulet curry,Pain de mie,20 tranches
Croque tablette poulet curry,Blanc de poulet,500 g
Croque tablette poulet curry,Curry,2 cuil. à soupe
Croque tablette poulet curry,Fromage râpé,200 g
Croque tablette poulet curry,Béchamel,400 ml
Croque tablette poulet curry,Sel,au goût
Croque tablette poulet curry,Poivre,au goût
Croque tablette raclette,Pain de mie,20 tranches
Croque tablette raclette,Raclette,500 g
Croque tablette raclette,Jambon,10 tranches
Croque tablette raclette,Fromage râpé,200 g
Croque tablette raclette,Béchamel,400 ml
Croque tablette raclette,Sel,au goût
Croque tablette raclette,Poivre,au goût
Croziflette  cookeo extra crisp,Crozets,500 g
Croziflette  cookeo extra crisp,Lardons,200 g
Croziflette  cookeo extra crisp,Crème fraîche,200 ml
Croziflette  cookeo extra crisp,Reblochon,500 g
Croziflette  cookeo extra crisp,Oignons,2
Croziflette  cookeo extra crisp,Sel,au goût
Croziflette  cookeo extra crisp,Poivre,au goût
Cuisses de poulet au four,Cuisses de poulet,5
Cuisses de poulet au four,Huile d'olive,au goût
Cuisses de poulet au four,Herbes de Provence,2 cuil. à soupe
Cuisses de poulet au four,Sel,au goût
Cuisses de poulet au four,Poivre,au goût
Curry aubergines pois chiche  cookeo,Aubergines,3
Curry aubergines pois chiche  cookeo,Pois chiches,500 g
Curry aubergines pois chiche  cookeo,Tomates concassées,500 g
Curry aubergines pois chiche  cookeo,Oignons,2
Curry aubergines pois chiche  cookeo,Ail,3 gousses
Curry aubergines pois chiche  cookeo,Lait de coco,400 ml
Curry aubergines pois chiche  cookeo,Curry en poudre,2 cuil. à soupe
Curry aubergines pois chiche  cookeo,Huile d'olive,au goût
Curry aubergines pois chiche  cookeo,Sel,au goût
Curry aubergines pois chiche  cookeo,Poivre,au goût
Curry de cabillaud  cookeo,Cabillaud,1 kg
Curry de cabillaud  cookeo,Lait de coco,400 ml
Curry de cabillaud  cookeo,Tomates concassées,500 g
Curry de cabillaud  cookeo,Poivrons,3
Curry de cabillaud  cookeo,Oignons,2
Curry de cabillaud  cookeo,Ail,3 gousses
Curry de cabillaud  cookeo,Curry en poudre,2 cuil. à soupe
Curry de cabillaud  cookeo,Huile d'olive,au goût
Curry de cabillaud  cookeo,Sel,au goût
Curry de cabillaud  cookeo,Poivre,au goût
Dos cabillaud chorizo  cookeo,Dos de cabillaud,1 kg
Dos cabillaud chorizo  cookeo,Chorizo,200 g
Dos cabillaud chorizo  cookeo,Oignons,2
Dos cabillaud chorizo  cookeo,Ail,3 gousses
Dos cabillaud chorizo  cookeo,Tomates concassées,500 g
Dos cabillaud chorizo  cookeo,Huile d'olive,au goût
Dos cabillaud chorizo  cookeo,Sel,au goût
Dos cabillaud chorizo  cookeo,Poivre,au goût
Dos cabillaud sauce citronné,Dos de cabillaud,1 kg
Dos cabillaud sauce citronné,Citron,2
Dos cabillaud sauce citronné,Crème fraîche,200 ml
Dos cabillaud sauce citronné,Beurre,50 g
Dos cabillaud sauce citronné,Sel,au goût
Dos cabillaud sauce citronné,Poivre,au goût
Echine de porc purée,Échine de porc,1 kg
Echine de porc purée,Pommes de terre,1 kg
Echine de porc purée,Beurre,100 g
Echine de porc purée,Lait,200 ml
Echine de porc purée,Sel,au goût
Echine de porc purée,Poivre,au goût
Émincés de poulet aux champignons cookeo,Blanc de poulet,1 kg
Émincés de poulet aux champignons cookeo,Champignons,200 g
Émincés de poulet aux champignons cookeo,Crème fraîche,200 ml
Émincés de poulet aux champignons cookeo,Oignons,2
Émincés de poulet aux champignons cookeo,Ail,3 gousses
Émincés de poulet aux champignons cookeo,Huile d'olive,au goût
Émincés de poulet aux champignons cookeo,Sel,au goût
Émincés de poulet aux champignons cookeo,Poivre,au goût
Falafels,Pois chiches,500 g
Falafels,Oignons,2
Falafels,Ail,3 gousses
Falafels,Coriandre,1 botte
Falafels,Persil,1 botte
Falafels,Farine,100 g
Falafels,Levure chimique,10 g
Falafels,Sel,au goût
Falafels,Poivre,au goût
Falafels,Huile pour friture,au besoin
faux filet,Faux filets,5
faux filet,Huile d'olive,au goût
faux filet,Sel,au goût
faux filet,Poivre,au goût
filet de cabillaud à la poêle,Filets de cabillaud,1 kg
filet de cabillaud à la poêle,Huile d'olive,au goût
filet de cabillaud à la poêle,Beurre,50 g
filet de cabillaud à la poêle,Citron,2
filet de cabillaud à la poêle,Sel,au goût
filet de cabillaud à la poêle,Poivre,au goût
Filet de volaille et tagliatelle de légumes  Compagnion,Blanc de poulet,1 kg
Filet de volaille et tagliatelle de légumes  Compagnion,Carottes,5
Filet de volaille et tagliatelle de légumes  Compagnion,Courgettes,3
Filet de volaille et tagliatelle de légumes  Compagnion,Poivrons,3
Filet de volaille et tagliatelle de légumes  Compagnion,Crème fraîche,200 ml
Filet de volaille et tagliatelle de légumes  Compagnion,Huile d'olive,au goût
Filet de volaille et tagliatelle de légumes  Compagnion,Sel,au goût
Filet de volaille et tagliatelle de légumes  Compagnion,Poivre,au goût
Filet mignon à la moutarde  Cookeo,Filet mignon de porc,1 kg
Filet mignon à la moutarde  Cookeo,Moutarde à l'ancienne,200 g
Filet mignon à la moutarde  Cookeo,Crème fraîche,200 ml
Filet mignon à la moutarde  Cookeo,Oignons,2
Filet mignon à la moutarde  Cookeo,Ail,3 gousses
Filet mignon à la moutarde  Cookeo,Huile d'olive,au goût
Filet mignon à la moutarde  Cookeo,Sel,au goût
Filet mignon à la moutarde  Cookeo,Poivre,au goût
Filet mignon au bresse bleu  Cookeo,Filet mignon de porc,1 kg
Filet mignon au bresse bleu  Cookeo,Bresse Bleu,200 g
Filet mignon au bresse bleu  Cookeo,Crème fraîche,200 ml
Filet mignon au bresse bleu  Cookeo,Oignons,2
Filet mignon au bresse bleu  Cookeo,Ail,3 gousses
Filet mignon au bresse bleu  Cookeo,Huile d'olive,au goût
Filet mignon au bresse bleu  Cookeo,Sel,au goût
Filet mignon au bresse bleu  Cookeo,Poivre,au goût
filet mignon au chaource  cookeo,Filet mignon de porc,1 kg
filet mignon au chaource  cookeo,Chaource,200 g
filet mignon au chaource  cookeo,Crème fraîche,200 ml
filet mignon au chaource  cookeo,Oignons,2
filet mignon au chaource  cookeo,Ail,3 gousses
filet mignon au chaource  cookeo,Huile d'olive,au goût
filet mignon au chaource  cookeo,Sel,au goût
filet mignon au chaource  cookeo,Poivre,au goût
Filet mignon au maroilles Cookeo,Filet mignon de porc,1 kg
Filet mignon au maroilles Cookeo,Maroilles,200 g
Filet mignon au maroilles Cookeo,Crème fraîche,200 ml
Filet mignon au maroilles Cookeo,Oignons,2
Filet mignon au maroilles Cookeo,Ail,3 gousses
Filet mignon au maroilles Cookeo,Huile d'olive,au goût
Filet mignon au maroilles Cookeo,Sel,au goût
Filet mignon au maroilles Cookeo,Poivre,au goût
Filet mignon boursin cookeo,Filet mignon de porc,1 kg
Filet mignon boursin cookeo,Boursin,200 g
Filet mignon boursin cookeo,Crème fraîche,200 ml
Filet mignon boursin cookeo,Oignons,2
Filet mignon boursin cookeo,Ail,3 gousses
Filet mignon boursin cookeo,Huile d'olive,au goût
Filet mignon boursin cookeo,Sel,au goût
Filet mignon boursin cookeo,Poivre,au goût
Flamenkich,Pâte à pain,500 g
Flamenkich,Crème fraîche,200 ml
Flamenkich,Oignons,2
Flamenkich,Lardons,200 g
Flamenkich,Fromage râpé,100 g
Flamenkich,Sel,au goût
Flamenkich,Poivre,au goût
fondue bourguignonne,Bœuf,1.5 kg
fondue bourguignonne,Vin rouge,750 ml
fondue bourguignonne,Bouillon de bœuf,1 l
fondue bourguignonne,Ail,2 gousses
fondue bourguignonne,Thym,2 branches
fondue bourguignonne,Feuille de laurier,2
fondue bourguignonne,Sel,au goût
fondue bourguignonne,Poivre,au goût
fondue savoyarde,"Fromage à fondue (comté, beaufort, emmental)",1 kg
fondue savoyarde,Vin blanc,750 ml
fondue savoyarde,Ail,2 gousses
fondue savoyarde,Maïzena,2 cuil. à soupe
fondue savoyarde,Kirsch,50 ml
fondue savoyarde,Sel,au goût
fondue savoyarde,Poivre,au goût
Friant surgelé avec salade,Pâtes feuilletées,10
Friant surgelé avec salade,Salade verte,1 tête
Friant surgelé avec salade,Vinaigrette,au goût
fricadelles,Fricadelles,10
fricadelles,Huile pour friture,au besoin
Galette saucisses,Galettes de blé noir,10
Galette saucisses,Saucisses,10
Galette saucisses,Beurre,50 g
Gnocchi lardon bresse bleu  Cookeo,Gnocchi,1 kg
Gnocchi lardon bresse bleu  Cookeo,Lardons,200 g
Gnocchi lardon bresse bleu  Cookeo,Bresse Bleu,200 g
Gnocchi lardon bresse bleu  Cookeo,Crème fraîche,200 ml
Gnocchi lardon bresse bleu  Cookeo,Sel,au goût
Gnocchi lardon bresse bleu  Cookeo,Poivre,au goût
gnocchis épinards gorgonzola dés de jambon,Gnocchi,1 kg
gnocchis épinards gorgonzola dés de jambon,Épinards,500 g
gnocchis épinards gorgonzola dés de jambon,Gorgonzola,200 g
gnocchis épinards gorgonzola dés de jambon,Dés de jambon,200 g
gnocchis épinards gorgonzola dés de jambon,Crème fraîche,200 ml
gnocchis épinards gorgonzola dés de jambon,Sel,au goût
gnocchis épinards gorgonzola dés de jambon,Poivre,au goût
Gratin blé aux légumes  Four,Blé,500 g
Gratin blé aux légumes  Four,Carottes,5
Gratin blé aux légumes  Four,Courgettes,3
Gratin blé aux légumes  Four,Tomates,5
Gratin blé aux légumes  Four,Crème fraîche,200 ml
Gratin blé aux légumes  Four,Fromage râpé,200 g
Gratin blé aux légumes  Four,Sel,au goût
Gratin blé aux légumes  Four,Poivre,au goût
Gratin dauphinois avec paupiettes  Compagnion,Pommes de terre,1 kg
Gratin dauphinois avec paupiettes  Compagnion,Crème fraîche,500 ml
Gratin dauphinois avec paupiettes  Compagnion,Lait,500 ml
Gratin dauphinois avec paupiettes  Compagnion,Ail,3 gousses
Gratin dauphinois avec paupiettes  Compagnion,Beurre,50 g
Gratin dauphinois avec paupiettes  Compagnion,Sel,au goût
Gratin dauphinois avec paupiettes  Compagnion,Poivre,au goût
Gratin dauphinois avec paupiettes  Compagnion,Paupiettes de veau,5
Gratin de choux fleur,Choufleur,1 kg
Gratin de choux fleur,Crème fraîche,200 ml
Gratin de choux fleur,Fromage râpé,200 g
Gratin de choux fleur,Beurre,50 g
Gratin de choux fleur,Sel,au goût
Gratin de choux fleur,Poivre,au goût
Gratin de pate brocoli lardons,Pâtes,500 g
Gratin de pate brocoli lardons,Brocoli,500 g
Gratin de pate brocoli lardons,Lardons,200 g
Gratin de pate brocoli lardons,Crème fraîche,200 ml
Gratin de pate brocoli lardons,Fromage râpé,200 g
Gratin de pate brocoli lardons,Sel,au goût
Gratin de pate brocoli lardons,Poivre,au goût
Gratin de rocamadour,Fromage de Rocamadour,500 g
Gratin de rocamadour,Crème fraîche,200 ml
Gratin de rocamadour,Beurre,50 g
Gratin de rocamadour,Sel,au goût
Gratin de rocamadour,Poivre,au goût
Hachi parmentier  Compagnion,Purée de pommes de terre,1 kg
Hachi parmentier  Compagnion,Bœuf haché,1 kg
Hachi parmentier  Compagnion,Oignons,2
Hachi parmentier  Compagnion,Ail,3 gousses
Hachi parmentier  Compagnion,Crème fraîche,200 ml
Hachi parmentier  Compagnion,Fromage râpé,100 g
Hachi parmentier  Compagnion,Beurre,50 g
Hachi parmentier  Compagnion,Sel,au goût
Hachi parmentier  Compagnion,Poivre,au goût
Hachis camarguais,Riz,500 g
Hachis camarguais,Bœuf haché,1 kg
Hachis camarguais,Oignons,2
Hachis camarguais,Ail,3 gousses
Hachis camarguais,Poivrons,3
Hachis camarguais,Tomates concassées,500 g
Hachis camarguais,Huile d'olive,au goût
Hachis camarguais,Sel,au goût
Hachis camarguais,Poivre,au goût
Hamburger maison,Pains à hamburger,10
Hamburger maison,Steaks hachés,5
Hamburger maison,Salade,1
Hamburger maison,Tomates,5
Hamburger maison,Oignons,2
Hamburger maison,Fromage,10 tranches
Hamburger maison,"Sauce (ketchup, moutarde, mayonnaise)",au goût
Hot Dog,Pains à hot dog,10
Hot Dog,Saucisses,10
Hot Dog,Oignons,2
Hot Dog,Choucroute,500 g
Hot Dog,Fromage râpé,100 g
Hot Dog,"""Sauce ""(ketchup,  moutarde,  mayonnaise)""""",au goût
Jambon boulgour légumes,Jambon,5 tranches
Jambon boulgour légumes,Boulgour,500 g
Jambon boulgour légumes,Carottes,5
Jambon boulgour légumes,Courgettes,3
Jambon boulgour légumes,Poivrons,3
Jambon boulgour légumes,Huile d'olive,au goût
Jambon boulgour légumes,Sel,au goût
Jambon boulgour légumes,Poivre,au goût
Jambon grillé grenailles,Jambon grillé,5 tranches
Jambon grillé grenailles,Pommes de terre,1 kg
Jambon grillé grenailles,Beurre,50 g
Jambon grillé grenailles,Ail,3 gousses
Jambon grillé grenailles,Persil,1 botte
Jambon grillé grenailles,Sel,au goût
Jambon grillé grenailles,Poivre,au goût
Jambon pates,Jambon,5 tranches
Jambon pates,Pâtes,500 g
Jambon pates,Crème fraîche,200 ml
Jambon pates,Fromage râpé,100 g
Jambon pates,Sel,au goût
Jambon pates,Poivre,au goût
Lasagne à la bolognaise  Compagnion,Pâtes à lasagnes,500 g
Lasagne à la bolognaise  Compagnion,Bœuf haché,1 kg
Lasagne à la bolognaise  Compagnion,Tomates concassées,800 g
Lasagne à la bolognaise  Compagnion,Oignons,2
Lasagne à la bolognaise  Compagnion,Ail,3 gousses
Lasagne à la bolognaise  Compagnion,Huile d'olive,au goût
Lasagne à la bolognaise  Compagnion,Fromage râpé,100 g
Lasagne à la bolognaise  Compagnion,Béchamel,500 ml
Lasagne à la bolognaise  Compagnion,Sel,au goût
Lasagne à la bolognaise  Compagnion,Poivre,au goût
Lasagne aux légumes,Pâtes à lasagnes,500 g
Lasagne aux légumes,Courgettes,3
Lasagne aux légumes,Tomates,5
Lasagne aux légumes,Carottes,5
Lasagne aux légumes,Champignons,200 g
Lasagne aux légumes,Oignons,2
Lasagne aux légumes,Ail,3 gousses
Lasagne aux légumes,Huile d'olive,au goût
Lasagne aux légumes,Fromage râpé,100 g
Lasagne aux légumes,Béchamel,500 ml
Lasagne aux légumes,Sel,au goût
Lasagne aux légumes,Poivre,au goût
Lasagnes chèvre,""" courgettes,  jambon, Pâtes à lasagnes""",500 g
Lasagnes chèvre,""" courgettes,  jambon, Courgettes""",3
Lasagnes chèvre,""" courgettes,  jambon, Chèvre""",200 g
Lasagnes chèvre,""" courgettes,  jambon, Jambon""",5 tranches
Lasagnes chèvre,""" courgettes,  jambon, Tomates concassées""",800 g
Lasagnes chèvre,""" courgettes,  jambon, Oignons""",2
Lasagnes chèvre,""" courgettes,  jambon, Ail""",3 gousses
Lasagnes chèvre,""" courgettes,  jambon, Huile d'olive""",au goût
Lasagnes chèvre,""" courgettes,  jambon, Fromage râpé""",100 g
Lasagnes chèvre,""" courgettes,  jambon, Béchamel""",500 ml
Lasagnes chèvre,""" courgettes,  jambon, Sel""",au goût
Lasagnes chèvre,""" courgettes,  jambon, Poivre""",au goût
Maca cheese  Compagnion,Pâtes,500 g
Maca cheese  Compagnion,Cheddar,200 g
Maca cheese  Compagnion,Crème fraîche,200 ml
Maca cheese  Compagnion,Lait,200 ml
Maca cheese  Compagnion,Beurre,50 g
Maca cheese  Compagnion,Sel,au goût
Maca cheese  Compagnion,Poivre,au goût
Mijoté de poulet chorizo  Compagnion,Poulet,1 kg
Mijoté de poulet chorizo  Compagnion,Chorizo,200 g
Mijoté de poulet chorizo  Compagnion,Tomates concassées,800 g
Mijoté de poulet chorizo  Compagnion,Oignons,2
Mijoté de poulet chorizo  Compagnion,Ail,3 gousses
Mijoté de poulet chorizo  Compagnion,Huile d'olive,au goût
Mijoté de poulet chorizo  Compagnion,Sel,au goût
Mijoté de poulet chorizo  Compagnion,Poivre,au goût
Mont D'or 2x400,Mont d'Or,2 x 400 g
Nouille de riz et légumes Wok,Nouilles de riz,500 g
Nouille de riz et légumes Wok,Carottes,5
Nouille de riz et légumes Wok,Poivrons,3
Nouille de riz et légumes Wok,Courgettes,3
Nouille de riz et légumes Wok,Brocoli,500 g
Nouille de riz et légumes Wok,Huile de sésame,au goût
Nouille de riz et légumes Wok,Sauce soja,au goût
Nouille de riz et légumes Wok,Sel,au goût
Nouille de riz et légumes Wok,Poivre,au goût
Nouilles chinoises,Nouilles chinoises,500 g
Nouilles chinoises,Carottes,5
Nouilles chinoises,Poivrons,3
Nouilles chinoises,Courgettes,3
Nouilles chinoises,Brocoli,500 g
Nouilles chinoises,Huile de sésame,au goût
Nouilles chinoises,Sauce soja,au goût
Nouilles chinoises,Sel,au goût
Nouilles chinoises,Poivre,au goût
Nuggets,Filets de poulet,1 kg
Nuggets,Farine,200 g
Nuggets,Œufs,3
Nuggets,Chapelure,200 g
Nuggets,Huile pour friture,au besoin
Nuggets,Sel,au goût
Nuggets,Poivre,au goût
Oeuf sur le plat légumes,Œufs,10
Oeuf sur le plat légumes,Carottes,5
Oeuf sur le plat légumes,Courgettes,3
Oeuf sur le plat légumes,Tomates,5
Oeuf sur le plat légumes,Huile d'olive,au goût
Oeuf sur le plat légumes,Sel,au goût
Oeuf sur le plat légumes,Poivre,au goût
Oeufs à la coque,Œufs,10
Oeufs à la coque,Pain,1 baguette
Oeufs à la coque,Beurre,50 g
Old el paso,Kit Old El Paso,1
Old el paso,Bœuf haché,1 kg
Old el paso,Tomates,5
Old el paso,Laitue,1
Old el paso,Fromage râpé,200 g
Old el paso,Sauce salsa,au goût
Old el paso,Crème fraîche,200 ml
Omelette champignons,Œufs,10
Omelette champignons,Champignons,300 g
Omelette champignons,Beurre,50 g
Omelette champignons,Sel,au goût
Omelette champignons,Poivre,au goût
Omelette frites,Œufs,10
Omelette frites,Pommes de terre,1 kg
Omelette frites,Huile pour friture,au besoin
Omelette frites,Sel,au goût
Omelette frites,Poivre,au goût
Omelette poivron oignon bœuf haché chèvre mozzarella,Œufs,10
Omelette poivron oignon bœuf haché chèvre mozzarella,Poivrons,3
Omelette poivron oignon bœuf haché chèvre mozzarella,Oignons,2
Omelette poivron oignon bœuf haché chèvre mozzarella,Bœuf haché,500 g
Omelette poivron oignon bœuf haché chèvre mozzarella,Chèvre,200 g
Omelette poivron oignon bœuf haché chèvre mozzarella,Mozzarella,200 g
Omelette poivron oignon bœuf haché chèvre mozzarella,Sel,au goût
Omelette poivron oignon bœuf haché chèvre mozzarella,Poivre,au goût
one pot pasta aux boulettes  cookeo,Pâtes,500 g
one pot pasta aux boulettes  cookeo,Boulettes de viande,1 kg
one pot pasta aux boulettes  cookeo,Tomates concassées,800 g
one pot pasta aux boulettes  cookeo,Oignons,2
one pot pasta aux boulettes  cookeo,Ail,3 gousses
one pot pasta aux boulettes  cookeo,Huile d'olive,au goût
one pot pasta aux boulettes  cookeo,Sel,au goût
one pot pasta aux boulettes  cookeo,Poivre,au goût
One pot pasta façon paella  cocotte,Pâtes,500 g
One pot pasta façon paella  cocotte,Crevettes,500 g
One pot pasta façon paella  cocotte,Chorizo,200 g
One pot pasta façon paella  cocotte,Poivrons,3
One pot pasta façon paella  cocotte,Tomates concassées,800 g
One pot pasta façon paella  cocotte,Oignons,2
One pot pasta façon paella  cocotte,Ail,3 gousses
One pot pasta façon paella  cocotte,Huile d'olive,au goût
One pot pasta façon paella  cocotte,Sel,au goût
One pot pasta façon paella  cocotte,Poivre,au goût
One pot pasta façon pizza,Pâtes,500 g
One pot pasta façon pizza,Tomates concassées,800 g
One pot pasta façon pizza,Chorizo,200 g
One pot pasta façon pizza,Champignons,200 g
One pot pasta façon pizza,Olives noires,100 g
One pot pasta façon pizza,Huile d'olive,au goût
One pot pasta façon pizza,Fromage râpé,100 g
One pot pasta façon pizza,Oignons,2
One pot pasta façon pizza,Ail,3 gousses
One pot pasta façon pizza,Sel,au goût
One pot pasta façon pizza,Poivre,au goût
One pot pasta mascarpone  Compagnion,Pâtes,500 g
One pot pasta mascarpone  Compagnion,Mascarpone,200 g
One pot pasta mascarpone  Compagnion,Tomates concassées,800 g
One pot pasta mascarpone  Compagnion,Oignons,2
One pot pasta mascarpone  Compagnion,Ail,3 gousses
One pot pasta mascarpone  Compagnion,Huile d'olive,au goût
One pot pasta mascarpone  Compagnion,Sel,au goût
One pot pasta mascarpone  Compagnion,Poivre,au goût
Paëlla express  Cookeo,Riz,500 g
Paëlla express  Cookeo,Crevettes,500 g
Paëlla express  Cookeo,Moules,500 g
Paëlla express  Cookeo,Calamars,300 g
Paëlla express  Cookeo,Chorizo,200 g
Paëlla express  Cookeo,Poivrons,3
Paëlla express  Cookeo,Tomates concassées,800 g
Paëlla express  Cookeo,Oignons,2
Paëlla express  Cookeo,Ail,3 gousses
Paëlla express  Cookeo,Huile d'olive,au goût
Paëlla express  Cookeo,Sel,au goût
Paëlla express  Cookeo,Poivre,au goût
paniers coulant,Pâtes feuilletées,10
paniers coulant,Fromage coulant,200 g
paniers coulant,Œufs,2
paniers coulant,Sel,au goût
paniers coulant,Poivre,au goût
Panini,Pains à panini,10
Panini,Jambon,5 tranches
Panini,Fromage râpé,200 g
Panini,Tomates,5
Panini,Huile d'olive,au goût
Parti crêpe,Farine,500 g
Parti crêpe,Œufs,5
Parti crêpe,Lait,1 l
Parti crêpe,Sucre,100 g
Parti crêpe,Beurre,50 g
Parti crêpe,Sel,1 pincée
Pate à la bolognaise  Cookeo,Pâtes,500 g
Pate à la bolognaise  Cookeo,Bœuf haché,1 kg
Pate à la bolognaise  Cookeo,Tomates concassées,800 g
Pate à la bolognaise  Cookeo,Oignons,2
Pate à la bolognaise  Cookeo,Ail,3 gousses
Pate à la bolognaise  Cookeo,Huile d'olive,au goût
Pate à la bolognaise  Cookeo,Sel,au goût
Pate à la bolognaise  Cookeo,Poivre,au goût
Pate à la carbonara  Cookeo,Pâtes,500 g
Pate à la carbonara  Cookeo,Lardons,200 g
Pate à la carbonara  Cookeo,Crème fraîche,200 ml
Pate à la carbonara  Cookeo,Fromage râpé,100 g
Pate à la carbonara  Cookeo,Œufs,2
Pate à la carbonara  Cookeo,Sel,au goût
Pate à la carbonara  Cookeo,Poivre,au goût
Pâtes au saumon,Pâtes,500 g
Pâtes au saumon,Saumon fumé,500 g
Pâtes au saumon,Crème fraîche,200 ml
Pâtes au saumon,Citron,2
Pâtes au saumon,Aneth,1 botte
Pâtes au saumon,Sel,au goût
Pâtes au saumon,Poivre,au goût
pâtes farcies champi bacon reblochon,Pâtes farcies,500 g
pâtes farcies champi bacon reblochon,Champignons,300 g
pâtes farcies champi bacon reblochon,Bacon,200 g
pâtes farcies champi bacon reblochon,Reblochon,200 g
pâtes farcies champi bacon reblochon,Crème fraîche,200 ml
pâtes farcies champi bacon reblochon,Sel,au goût
pâtes farcies champi bacon reblochon,Poivre,au goût
Pâtes farcies courgettes jambon ricotta mozza,Pâtes farcies,500 g
Pâtes farcies courgettes jambon ricotta mozza,Courgettes,3
Pâtes farcies courgettes jambon ricotta mozza,Jambon,5 tranches
Pâtes farcies courgettes jambon ricotta mozza,Ricotta,200 g
Pâtes farcies courgettes jambon ricotta mozza,Mozzarella,200 g
Pâtes farcies courgettes jambon ricotta mozza,Sel,au goût
Pâtes farcies courgettes jambon ricotta mozza,Poivre,au goût
pâtes fêta tomates cerises,Pâtes,500 g
pâtes fêta tomates cerises,Feta,200 g
pâtes fêta tomates cerises,Tomates cerises,500 g
pâtes fêta tomates cerises,Basilic,1 botte
pâtes fêta tomates cerises,Huile d'olive,au goût
pâtes fêta tomates cerises,Sel,au goût
pâtes fêta tomates cerises,Poivre,au goût
Paupiette  Cookeo,Paupiettes de veau,5
Paupiette  Cookeo,Carottes,5
Paupiette  Cookeo,Oignons,2
Paupiette  Cookeo,Ail,3 gousses
Paupiette  Cookeo,Bouillon de volaille,1 l
Paupiette  Cookeo,Crème fraîche,200 ml
Paupiette  Cookeo,Huile d'olive,au goût
Paupiette  Cookeo,Sel,au goût
Paupiette  Cookeo,Poivre,au goût
Pavé de saumon,Pavés de saumon,1 kg
Pavé de saumon,Citron,2
Pavé de saumon,Aneth,1 botte
Pavé de saumon,Huile d'olive,au goût
Pavé de saumon,Sel,au goût
Pavé de saumon,Poivre,au goût
Pennes au reblochon  Cookeo,Pâtes,500 g
Pennes au reblochon  Cookeo,Reblochon,200 g
Pennes au reblochon  Cookeo,Crème fraîche,200 ml
Pennes au reblochon  Cookeo,Lardons,200 g
Pennes au reblochon  Cookeo,Oignons,2
Pennes au reblochon  Cookeo,Sel,au goût
Pennes au reblochon  Cookeo,Poivre,au goût
Petit déjeuner anglais,Œufs,10
Petit déjeuner anglais,Saucisses,10
Petit déjeuner anglais,Bacon,200 g
Petit déjeuner anglais,Tomates,5
Petit déjeuner anglais,Champignons,200 g
Petit déjeuner anglais,Haricots blancs,500 g
Petit déjeuner anglais,Pain de mie,10 tranches
Petit déjeuner anglais,Beurre,50 g
Petit déjeuner anglais,Sel,au goût
Petit déjeuner anglais,Poivre,au goût
piemontaise,Pommes de terre,1 kg
piemontaise,Jambon,5 tranches
piemontaise,Œufs,5
piemontaise,Maïs,200 g
piemontaise,Concombre,1
piemontaise,Mayonnaise,200 ml
piemontaise,Sel,au goût
piemontaise,Poivre,au goût
Pilons de poulet a l'indienne  ActiFry,Pilons de poulet,1 kg
Pilons de poulet a l'indienne  ActiFry,Yaourt nature,200 ml
Pilons de poulet a l'indienne  ActiFry,Curry,2 cuil. à soupe
Pilons de poulet a l'indienne  ActiFry,Curcuma,1 cuil. à café
Pilons de poulet a l'indienne  ActiFry,Ail,3 gousses
Pilons de poulet a l'indienne  ActiFry,Citron,2
Pilons de poulet a l'indienne  ActiFry,Sel,au goût
Pilons de poulet a l'indienne  ActiFry,Poivre,au goût
Pilons poulet barbecue,Pilons de poulet,1 kg
Pilons poulet barbecue,Sauce barbecue,200 ml
Pilons poulet barbecue,Sel,au goût
Pilons poulet barbecue,Poivre,au goût
Pintade,Pintade,1
Pintade,Huile d'olive,au goût
Pintade,Herbes de Provence,2 cuil. à soupe
Pintade,Sel,au goût
Pintade,Poivre,au goût
Pizza maison,Pâte à pizza,2
Pizza maison,Tomates concassées,800 g
Pizza maison,Fromage râpé,200 g
Pizza maison,Jambon,5 tranches
Pizza maison,Champignons,200 g
Pizza maison,Olives noires,100 g
Pizza maison,Huile d'olive,au goût
Pizza maison,Sel,au goût
Pizza maison,Poivre,au goût
plateau fromage charcuterie,Fromages assortis,500 g
plateau fromage charcuterie,Charcuterie assortie,500 g
plateau fromage charcuterie,Pain,1 baguette
plateau fromage charcuterie,Beurre,50 g
Poireauflette,Poireaux,1 kg
Poireauflette,Reblochon,500 g
Poireauflette,Crème fraîche,200 ml
Poireauflette,Lardons,200 g
Poireauflette,Beurre,50 g
Poireauflette,Sel,au goût
Poireauflette,Poivre,au goût
Poisson panné,Filets de poisson,1 kg
Poisson panné,Farine,200 g
Poisson panné,Œufs,3
Poisson panné,Chapelure,200 g
Poisson panné,Huile pour friture,au besoin
Poisson panné,Sel,au goût
Poisson panné,Poivre,au goût
poisson papillote,Filets de poisson,1 kg
poisson papillote,Citron,2
poisson papillote,Tomates,5
poisson papillote,Huile d'olive,au goût
poisson papillote,Aneth,1 botte
poisson papillote,Sel,au goût
poisson papillote,Poivre,au goût
poulet a la crème,Blancs de poulet,1 kg
poulet a la crème,Crème fraîche,200 ml
poulet a la crème,Oignons,2
poulet a la crème,Ail,3 gousses
poulet a la crème,Huile d'olive,au goût
poulet a la crème,Sel,au goût
poulet a la crème,Poivre,au goût
Poulet à la moutarde  Cookeo,Blancs de poulet,1 kg
Poulet à la moutarde  Cookeo,Moutarde à l'ancienne,200 g
Poulet à la moutarde  Cookeo,Crème fraîche,200 ml
Poulet à la moutarde  Cookeo,Oignons,2
Poulet à la moutarde  Cookeo,Ail,3 gousses
Poulet à la moutarde  Cookeo,Huile d'olive,au goût
Poulet à la moutarde  Cookeo,Sel,au goût
Poulet à la moutarde  Cookeo,Poivre,au goût
"Poulet à l'ail ""(pilon/haut de cuisse)""  Cookeo  Extra crisps",Pilons de poulet,1 kg
"Poulet à l'ail ""(pilon/haut de cuisse)""  Cookeo  Extra crisps",Ail,5 gousses
"Poulet à l'ail ""(pilon/haut de cuisse)""  Cookeo  Extra crisps",Huile d'olive,au goût
"Poulet à l'ail ""(pilon/haut de cuisse)""  Cookeo  Extra crisps",Citron,2
"Poulet à l'ail ""(pilon/haut de cuisse)""  Cookeo  Extra crisps",Herbes de Provence,2 cuil. à soupe
"Poulet à l'ail ""(pilon/haut de cuisse)""  Cookeo  Extra crisps",Sel,au goût
"Poulet à l'ail ""(pilon/haut de cuisse)""  Cookeo  Extra crisps",Poivre,au goût
Poulet aux olives cookeo,Blancs de poulet,1 kg
Poulet aux olives cookeo,Olives vertes,200 g
Poulet aux olives cookeo,Tomates concassées,800 g
Poulet aux olives cookeo,Oignons,2
Poulet aux olives cookeo,Ail,3 gousses
Poulet aux olives cookeo,Huile d'olive,au goût
Poulet aux olives cookeo,Sel,au goût
Poulet aux olives cookeo,Poivre,au goût
Poulet basquaise  Cookeo,Blancs de poulet,1 kg
Poulet basquaise  Cookeo,Poivrons,3
Poulet basquaise  Cookeo,Tomates concassées,800 g
Poulet basquaise  Cookeo,Oignons,2
Poulet basquaise  Cookeo,Ail,3 gousses
Poulet basquaise  Cookeo,Huile d'olive,au goût
Poulet basquaise  Cookeo,Sel,au goût
Poulet basquaise  Cookeo,Poivre,au goût
poulet coca  cookeo,Blancs de poulet,1 kg
poulet coca  cookeo,CocaCola,500 ml
poulet coca  cookeo,Tomates concassées,800 g
poulet coca  cookeo,Oignons,2
poulet coca  cookeo,Ail,3 gousses
poulet coca  cookeo,Huile d'olive,au goût
poulet coca  cookeo,Sel,au goût
poulet coca  cookeo,Poivre,au goût
Poulet concoillotte  Cookeo,Blancs de poulet,1 kg
Poulet concoillotte  Cookeo,Concoillotte,200 g
Poulet concoillotte  Cookeo,Crème fraîche,200 ml
Poulet concoillotte  Cookeo,Oignons,2
Poulet concoillotte  Cookeo,Ail,3 gousses
Poulet concoillotte  Cookeo,Huile d'olive,au goût
Poulet concoillotte  Cookeo,Sel,au goût
Poulet concoillotte  Cookeo,Poivre,au goût
Poulet curry coco avec riz  Cookeo,Blancs de poulet,1 kg
Poulet curry coco avec riz  Cookeo,Lait de coco,400 ml
Poulet curry coco avec riz  Cookeo,Curry en poudre,2 cuil. à soupe
Poulet curry coco avec riz  Cookeo,Riz,500 g
Poulet curry coco avec riz  Cookeo,Poivrons,3
Poulet curry coco avec riz  Cookeo,Tomates concassées,800 g
Poulet curry coco avec riz  Cookeo,Oignons,2
Poulet curry coco avec riz  Cookeo,Ail,3 gousses
Poulet curry coco avec riz  Cookeo,Huile d'olive,au goût
Poulet curry coco avec riz  Cookeo,Sel,au goût
Poulet curry coco avec riz  Cookeo,Poivre,au goût
Poulet frites,Blancs de poulet,1 kg
Poulet frites,Pommes de terre,1 kg
Poulet frites,Huile pour friture,au besoin
Poulet frites,Sel,au goût
Poulet frites,Poivre,au goût
Poulet noix de cajou  Compagnion,Blancs de poulet,1 kg
Poulet noix de cajou  Compagnion,Noix de cajou,200 g
Poulet noix de cajou  Compagnion,Poivrons,3
Poulet noix de cajou  Compagnion,Oignons,2
Poulet noix de cajou  Compagnion,Ail,3 gousses
Poulet noix de cajou  Compagnion,Sauce soja,200 ml
Poulet noix de cajou  Compagnion,Huile de sésame,au goût
Poulet noix de cajou  Compagnion,Sel,au goût
Poulet noix de cajou  Compagnion,Poivre,au goût
Poulet poivrons chorizo  cookeo,Blancs de poulet,1 kg
Poulet poivrons chorizo  cookeo,Chorizo,200 g
Poulet poivrons chorizo  cookeo,Poivrons,3
Poulet poivrons chorizo  cookeo,Tomates concassées,800 g
Poulet poivrons chorizo  cookeo,Oignons,2
Poulet poivrons chorizo  cookeo,Ail,3 gousses
Poulet poivrons chorizo  cookeo,Huile d'olive,au goût
Poulet poivrons chorizo  cookeo,Sel,au goût
Poulet poivrons chorizo  cookeo,Poivre,au goût
Poulet tandoori  Cookeo,Blancs de poulet,1 kg
Poulet tandoori  Cookeo,Yaourt nature,200 ml
Poulet tandoori  Cookeo,Tandoori en poudre,2 cuil. à soupe
Poulet tandoori  Cookeo,Citron,2
Poulet tandoori  Cookeo,Huile d'olive,au goût
Poulet tandoori  Cookeo,Sel,au goût
Poulet tandoori  Cookeo,Poivre,au goût
Puréé chipolatas,Chipolatas,10
Puréé chipolatas,Pommes de terre,1 kg
Puréé chipolatas,Beurre,50 g
Puréé chipolatas,Lait,200 ml
Puréé chipolatas,Sel,au goût
Puréé chipolatas,Poivre,au goût
Purée œufs,Œufs,10
Purée œufs,Pommes de terre,1 kg
Purée œufs,Beurre,50 g
Purée œufs,Lait,200 ml
Purée œufs,Sel,au goût
Purée œufs,Poivre,au goût
Quiche au bleu et fonds d'artichauts,Pâte brisée,2
Quiche au bleu et fonds d'artichauts,Bleu,200 g
Quiche au bleu et fonds d'artichauts,Fonds d'artichauts,500 g
Quiche au bleu et fonds d'artichauts,Crème fraîche,200 ml
Quiche au bleu et fonds d'artichauts,Œufs,5
Quiche au bleu et fonds d'artichauts,Sel,au goût
Quiche au bleu et fonds d'artichauts,Poivre,au goût
Quiche lorraine,Pâte brisée,2
Quiche lorraine,Lardons,200 g
Quiche lorraine,Crème fraîche,200 ml
Quiche lorraine,Œufs,5
Quiche lorraine,Fromage râpé,100 g
Quiche lorraine,Sel,au goût
Quiche lorraine,Poivre,au goût
Raclette,Fromage à raclette,1 kg
Raclette,Charcuterie assortie,500 g
Raclette,Pommes de terre,1 kg
Raclette,"""Condiments (cornichons,  oignons)""",au goût
Rata de choux  Cookeo,Chou vert,1 kg
Rata de choux  Cookeo,Pommes de terre,1 kg
Rata de choux  Cookeo,Carottes,5
Rata de choux  Cookeo,Lardons,200 g
Rata de choux  Cookeo,Huile d'olive,au goût
Rata de choux  Cookeo,Sel,au goût
Rata de choux  Cookeo,Poivre,au goût
Ratatouille aux œufs,Aubergines,3
Ratatouille aux œufs,Courgettes,3
Ratatouille aux œufs,Poivrons,3
Ratatouille aux œufs,Tomates,5
Ratatouille aux œufs,Oignons,2
Ratatouille aux œufs,Ail,3 gousses
Ratatouille aux œufs,Œufs,10
Ratatouille aux œufs,Huile d'olive,au goût
Ratatouille aux œufs,Sel,au goût
Ratatouille aux œufs,Poivre,au goût
Ratatouille aux steaks,Aubergines,3
Ratatouille aux steaks,Courgettes,3
Ratatouille aux steaks,Poivrons,3
Ratatouille aux steaks,Tomates,5
Ratatouille aux steaks,Oignons,2
Ratatouille aux steaks,Ail,3 gousses
Ratatouille aux steaks,Steaks,5
Ratatouille aux steaks,Huile d'olive,au goût
Ratatouille aux steaks,Sel,au goût
Ratatouille aux steaks,Poivre,au goût
Ravioli chèvre basilic,Ravioli,500 g
Ravioli chèvre basilic,Chèvre,200 g
Ravioli chèvre basilic,Basilic,1 botte
Ravioli chèvre basilic,Tomates concassées,800 g
Ravioli chèvre basilic,Oignons,2
Ravioli chèvre basilic,Ail,3 gousses
Ravioli chèvre basilic,Huile d'olive,au goût
Ravioli chèvre basilic,Sel,au goût
Ravioli chèvre basilic,Poivre,au goût
RESTE,Ingrédients restants,à volonté
Risotto morille  Compagnion,Riz Arborio,500 g
Risotto morille  Compagnion,Morilles,200 g
Risotto morille  Compagnion,Bouillon de volaille,1 l
Risotto morille  Compagnion,Oignons,2
Risotto morille  Compagnion,Parmesan râpé,100 g
Risotto morille  Compagnion,Beurre,50 g
Risotto morille  Compagnion,Huile d'olive,au goût
Risotto morille  Compagnion,Sel,au goût
Risotto morille  Compagnion,Poivre,au goût
Risotto petit pois et jambon cru  Compagnion,Riz Arborio,500 g
Risotto petit pois et jambon cru  Compagnion,Petits pois,200 g
Risotto petit pois et jambon cru  Compagnion,Jambon cru,200 g
Risotto petit pois et jambon cru  Compagnion,Bouillon de volaille,1 l
Risotto petit pois et jambon cru  Compagnion,Oignons,2
Risotto petit pois et jambon cru  Compagnion,Parmesan râpé,100 g
Risotto petit pois et jambon cru  Compagnion,Beurre,50 g
Risotto petit pois et jambon cru  Compagnion,Huile d'olive,au goût
Risotto petit pois et jambon cru  Compagnion,Sel,au goût
Risotto petit pois et jambon cru  Compagnion,Poivre,au goût
Risotto poivron chorizo  Compagnion,Riz Arborio,500 g
Risotto poivron chorizo  Compagnion,Poivrons,3
Risotto poivron chorizo  Compagnion,Chorizo,200 g
Risotto poivron chorizo  Compagnion,Bouillon de volaille,1 l
Risotto poivron chorizo  Compagnion,Oignons,2
Risotto poivron chorizo  Compagnion,Parmesan râpé,100 g
Risotto poivron chorizo  Compagnion,Beurre,50 g
Risotto poivron chorizo  Compagnion,Huile d'olive,au goût
Risotto poivron chorizo  Compagnion,Sel,au goût
Risotto poivron chorizo  Compagnion,Poivre,au goût
Riz cantonnais nems samoussas beignets de crevette,Riz,500 g
Riz cantonnais nems samoussas beignets de crevette,Nems,10
Riz cantonnais nems samoussas beignets de crevette,Samoussas,10
Riz cantonnais nems samoussas beignets de crevette,Beignets de crevette,10
Riz cantonnais nems samoussas beignets de crevette,Carottes,5
Riz cantonnais nems samoussas beignets de crevette,Petits pois,200 g
Riz cantonnais nems samoussas beignets de crevette,Oignons,2
Riz cantonnais nems samoussas beignets de crevette,Œufs,5
Riz cantonnais nems samoussas beignets de crevette,Jambon,200 g
Riz cantonnais nems samoussas beignets de crevette,Sauce soja,au goût
Riz cantonnais nems samoussas beignets de crevette,Huile de sésame,au goût
Riz cantonnais nems samoussas beignets de crevette,Sel,au goût
Riz cantonnais nems samoussas beignets de crevette,Poivre,au goût
Riz curry petits pois cabillaud,Riz,500 g
Riz curry petits pois cabillaud,Petits pois,200 g
Riz curry petits pois cabillaud,Cabillaud,1 kg
Riz curry petits pois cabillaud,Curry en poudre,2 cuil. à soupe
Riz curry petits pois cabillaud,Huile d'olive,au goût
Riz curry petits pois cabillaud,Sel,au goût
Riz curry petits pois cabillaud,Poivre,au goût
roti de boeuf,Rôti de bœuf,1.5 kg
roti de boeuf,Huile d'olive,au goût
roti de boeuf,Herbes de Provence,2 cuil. à soupe
roti de boeuf,Sel,au goût
roti de boeuf,Poivre,au goût
Rôti de porc auvergnat  cookeo,Rôti de porc,1.5 kg
Rôti de porc auvergnat  cookeo,Cantal,200 g
Rôti de porc auvergnat  cookeo,Crème fraîche,200 ml
Rôti de porc auvergnat  cookeo,Oignons,2
Rôti de porc auvergnat  cookeo,Ail,3 gousses
Rôti de porc auvergnat  cookeo,Huile d'olive,au goût
Rôti de porc auvergnat  cookeo,Sel,au goût
Rôti de porc auvergnat  cookeo,Poivre,au goût
Rôti de porc aux olives  cookeo,Rôti de porc,1.5 kg
Rôti de porc aux olives  cookeo,Olives vertes,200 g
Rôti de porc aux olives  cookeo,Tomates concassées,800 g
Rôti de porc aux olives  cookeo,Oignons,2
Rôti de porc aux olives  cookeo,Ail,3 gousses
Rôti de porc aux olives  cookeo,Huile d'olive,au goût
Rôti de porc aux olives  cookeo,Sel,au goût
Rôti de porc aux olives  cookeo,Poivre,au goût
Roti orlof  Cookeo,Rôti de porc,1.5 kg
Roti orlof  Cookeo,Jambon,200 g
Roti orlof  Cookeo,Fromage,200 g
Roti orlof  Cookeo,Crème fraîche,200 ml
Roti orlof  Cookeo,Oignons,2
Roti orlof  Cookeo,Ail,3 gousses
Roti orlof  Cookeo,Huile d'olive,au goût
Roti orlof  Cookeo,Sel,au goût
Roti orlof  Cookeo,Poivre,au goût
Roti saumuré,Rôti de porc saumuré,1.5 kg
Roti saumuré,Huile d'olive,au goût
Roti saumuré,Herbes de Provence,2 cuil. à soupe
Roti saumuré,Sel,au goût
Roti saumuré,Poivre,au goût
Rouelle de porc,Rouelle de porc,1.5 kg
Rouelle de porc,Huile d'olive,au goût
Rouelle de porc,Herbes de Provence,2 cuil. à soupe
Rouelle de porc,Sel,au goût
Rouelle de porc,Poivre,au goût
Rougaille saucisse  Compagnion,Saucisses,10
Rougaille saucisse  Compagnion,Tomates concassées,800 g
Rougaille saucisse  Compagnion,Oignons,2
Rougaille saucisse  Compagnion,Ail,3 gousses
Rougaille saucisse  Compagnion,Huile d'olive,au goût
Rougaille saucisse  Compagnion,Sel,au goût
Rougaille saucisse  Compagnion,Poivre,au goût
Salade blé poivrons feta,Blé,500 g
Salade blé poivrons feta,Poivrons,3
Salade blé poivrons feta,Feta,200 g
Salade blé poivrons feta,Huile d'olive,au goût
Salade blé poivrons feta,Vinaigre balsamique,au goût
Salade blé poivrons feta,Sel,au goût
Salade blé poivrons feta,Poivre,au goût
Salade de gésier,Gésiers,500 g
Salade de gésier,Salade verte,1 tête
Salade de gésier,Tomates,5
Salade de gésier,Croutons,200 g
Salade de gésier,Vinaigrette,au goût
Salade de riz,Riz,500 g
Salade de riz,Maïs,200 g
Salade de riz,Tomates,5
Salade de riz,Concombre,1
Salade de riz,Thon,200 g
Salade de riz,Œufs,5
Salade de riz,Mayonnaise,200 ml
Salade de riz,Sel,au goût
Salade de riz,Poivre,au goût
Samoussa viande  Compagnion,Feuilles de brick,10
Samoussa viande  Compagnion,Bœuf haché,1 kg
Samoussa viande  Compagnion,Oignons,2
Samoussa viande  Compagnion,Ail,3 gousses
Samoussa viande  Compagnion,Cumin,1 cuil. à café
Samoussa viande  Compagnion,Huile d'olive,au goût
Samoussa viande  Compagnion,Sel,au goût
Samoussa viande  Compagnion,Poivre,au goût
Saucisse Lentille  Cookeo,Saucisses,10
Saucisse Lentille  Cookeo,Lentilles,500 g
Saucisse Lentille  Cookeo,Carottes,5
Saucisse Lentille  Cookeo,Oignons,2
Saucisse Lentille  Cookeo,Ail,3 gousses
Saucisse Lentille  Cookeo,Huile d'olive,au goût
Saucisse Lentille  Cookeo,Bouillon de volaille,1 l
Saucisse Lentille  Cookeo,Sel,au goût
Saucisse Lentille  Cookeo,Poivre,au goût
saucisses fumées à la basquaise pâtes Cookeo,Saucisses fumées,10
saucisses fumées à la basquaise pâtes Cookeo,Pâtes,500 g
saucisses fumées à la basquaise pâtes Cookeo,Poivrons,3
saucisses fumées à la basquaise pâtes Cookeo,Tomates concassées,800 g
saucisses fumées à la basquaise pâtes Cookeo,Oignons,2
saucisses fumées à la basquaise pâtes Cookeo,Ail,3 gousses
saucisses fumées à la basquaise pâtes Cookeo,Huile d'olive,au goût
saucisses fumées à la basquaise pâtes Cookeo,Sel,au goût
saucisses fumées à la basquaise pâtes Cookeo,Poivre,au goût
saumon tomates citron cake factory,Saumon,1 kg
saumon tomates citron cake factory,Tomates,5
saumon tomates citron cake factory,Citron,2
saumon tomates citron cake factory,Huile d'olive,au goût
saumon tomates citron cake factory,Sel,au goût
saumon tomates citron cake factory,Poivre,au goût
saute de porc gorgonzola,Sauté de porc,1 kg
saute de porc gorgonzola,Gorgonzola,200 g
saute de porc gorgonzola,Crème fraîche,200 ml
saute de porc gorgonzola,Oignons,2
saute de porc gorgonzola,Ail,3 gousses
saute de porc gorgonzola,Huile d'olive,au goût
saute de porc gorgonzola,Sel,au goût
saute de porc gorgonzola,Poivre,au goût
Sauté de veau  cookeo,Sauté de veau,1 kg
Sauté de veau  cookeo,Carottes,5
Sauté de veau  cookeo,Oignons,2
Sauté de veau  cookeo,Ail,3 gousses
Sauté de veau  cookeo,Huile d'olive,au goût
Sauté de veau  cookeo,Sel,au goût
Sauté de veau  cookeo,Poivre,au goût
Soupe à la viande,Viande de bœuf,1 kg
Soupe à la viande,Carottes,5
Soupe à la viande,Pommes de terre,1 kg
Soupe à la viande,Poireaux,3
Soupe à la viande,Oignons,2
Soupe à la viande,Ail,3 gousses
Soupe à la viande,Bouillon de bœuf,1 l
Soupe à la viande,Sel,au goût
Soupe à la viande,Poivre,au goût
Soupe à l'oignon companion,Oignons,1 kg
Soupe à l'oignon companion,Beurre,50 g
Soupe à l'oignon companion,Farine,50 g
Soupe à l'oignon companion,Bouillon de volaille,1 l
Soupe à l'oignon companion,Crème fraîche,200 ml
Soupe à l'oignon companion,Sel,au goût
Soupe à l'oignon companion,Poivre,au goût
Soupe aux poireaux  Compagnion,Poireaux,1 kg
Soupe aux poireaux  Compagnion,Pommes de terre,1 kg
Soupe aux poireaux  Compagnion,Beurre,50 g
Soupe aux poireaux  Compagnion,Bouillon de volaille,1 l
Soupe aux poireaux  Compagnion,Crème fraîche,200 ml
Soupe aux poireaux  Compagnion,Sel,au goût
Soupe aux poireaux  Compagnion,Poivre,au goût
Soupe butternut  Compagnion,Butternut,1 kg
Soupe butternut  Compagnion,Carottes,5
Soupe butternut  Compagnion,Oignons,2
Soupe butternut  Compagnion,Ail,3 gousses
Soupe butternut  Compagnion,Bouillon de volaille,1 l
Soupe butternut  Compagnion,Crème fraîche,200 ml
Soupe butternut  Compagnion,Sel,au goût
Soupe butternut  Compagnion,Poivre,au goût
Soupe carotte  Compagnion,Carottes,1 kg
Soupe carotte  Compagnion,Poireaux,3
Soupe carotte  Compagnion,Oignons,2
Soupe carotte  Compagnion,Ail,3 gousses
Soupe carotte  Compagnion,Bouillon de volaille,1 l
Soupe carotte  Compagnion,Crème fraîche,200 ml
Soupe carotte  Compagnion,Sel,au goût
Soupe carotte  Compagnion,Poivre,au goût
Soupe chinoise améliorée  Cookeo,Nouilles chinoises,500 g
Soupe chinoise améliorée  Cookeo,Carottes,5
Soupe chinoise améliorée  Cookeo,Poivrons,3
Soupe chinoise améliorée  Cookeo,Brocoli,500 g
Soupe chinoise améliorée  Cookeo,Champignons,200 g
Soupe chinoise améliorée  Cookeo,Tofu,500 g
Soupe chinoise améliorée  Cookeo,Sauce soja,au goût
Soupe chinoise améliorée  Cookeo,Sel,au goût
Soupe chinoise améliorée  Cookeo,Poivre,au goût
Soupe courgette chèvre lardons companion,Courgettes,1 kg
Soupe courgette chèvre lardons companion,Chèvre,200 g
Soupe courgette chèvre lardons companion,Lardons,200 g
Soupe courgette chèvre lardons companion,Oignons,2
Soupe courgette chèvre lardons companion,Ail,3 gousses
Soupe courgette chèvre lardons companion,Bouillon de volaille,1 l
Soupe courgette chèvre lardons companion,Crème fraîche,200 ml
Soupe courgette chèvre lardons companion,Sel,au goût
Soupe courgette chèvre lardons companion,Poivre,au goût
Soupe de gésier  Cookeo,Gésiers,500 g
Soupe de gésier  Cookeo,Carottes,5
Soupe de gésier  Cookeo,Poireaux,3
Soupe de gésier  Cookeo,Pommes de terre,1 kg
Soupe de gésier  Cookeo,Oignons,2
Soupe de gésier  Cookeo,Ail,3 gousses
Soupe de gésier  Cookeo,Bouillon de volaille,1 l
Soupe de gésier  Cookeo,Crème fraîche,200 ml
Soupe de gésier  Cookeo,Sel,au goût
Soupe de gésier  Cookeo,Poivre,au goût
Soupe de tomate et vermicelle,Tomates,1 kg
Soupe de tomate et vermicelle,Vermicelle,200 g
Soupe de tomate et vermicelle,Oignons,2
Soupe de tomate et vermicelle,Ail,3 gousses
Soupe de tomate et vermicelle,Bouillon de volaille,1 l
Soupe de tomate et vermicelle,Crème fraîche,200 ml
Soupe de tomate et vermicelle,Sel,au goût
Soupe de tomate et vermicelle,Poivre,au goût
Soupe velouté carotte curry  Compagnion,Carottes,1 kg
Soupe velouté carotte curry  Compagnion,Poireaux,3
Soupe velouté carotte curry  Compagnion,Oignons,2
Soupe velouté carotte curry  Compagnion,Ail,3 gousses
Soupe velouté carotte curry  Compagnion,Bouillon de volaille,1 l
Soupe velouté carotte curry  Compagnion,Crème fraîche,200 ml
Soupe velouté carotte curry  Compagnion,Curry en poudre,2 cuil. à soupe
Soupe velouté carotte curry  Compagnion,Sel,au goût
Soupe velouté carotte curry  Compagnion,Poivre,au goût
Soupe velouté poireau pomme de terre  Compagnion,Poireaux,1 kg
Soupe velouté poireau pomme de terre  Compagnion,Pommes de terre,1 kg
Soupe velouté poireau pomme de terre  Compagnion,Oignons,2
Soupe velouté poireau pomme de terre  Compagnion,Ail,3 gousses
Soupe velouté poireau pomme de terre  Compagnion,Bouillon de volaille,1 l
Soupe velouté poireau pomme de terre  Compagnion,Crème fraîche,200 ml
Soupe velouté poireau pomme de terre  Compagnion,Beurre,50 g
Soupe velouté poireau pomme de terre  Compagnion,Sel,au goût
Soupe velouté poireau pomme de terre  Compagnion,Poivre,au goût
Spaghetti poulet babybel  Cookeo,Spaghetti,500 g
Spaghetti poulet babybel  Cookeo,Blancs de poulet,1 kg
Spaghetti poulet babybel  Cookeo,Babybel,10
Spaghetti poulet babybel  Cookeo,Crème fraîche,200 ml
Spaghetti poulet babybel  Cookeo,Oignons,2
Spaghetti poulet babybel  Cookeo,Ail,3 gousses
Spaghetti poulet babybel  Cookeo,Huile d'olive,au goût
Spaghetti poulet babybel  Cookeo,Sel,au goût
Spaghetti poulet babybel  Cookeo,Poivre,au goût
Steak de Soja,Steaks de soja,5
Steak de Soja,Huile d'olive,au goût
Steak de Soja,Sel,au goût
Steak de Soja,Poivre,au goût
Steaks flageolets,Steaks de bœuf,5
Steaks flageolets,Flageolets,500 g
Steaks flageolets,Oignons,2
Steaks flageolets,Ail,3 gousses
Steaks flageolets,Huile d'olive,au goût
Steaks flageolets,Sel,au goût
Steaks flageolets,Poivre,au goût
Steaks frites,Steaks de bœuf,5
Steaks frites,Pommes de terre,1 kg
Steaks frites,Huile pour friture,au besoin
Steaks frites,Sel,au goût
Steaks frites,Poivre,au goût
Sushi tablette,Riz à sushi,500 g
Sushi tablette,Nori (feuilles d'algue),10
Sushi tablette,Saumon cru,500 g
Sushi tablette,Avocat,3
Sushi tablette,Concombre,1
Sushi tablette,Vinaigre de riz,200 ml
Sushi tablette,Sucre,50 g
Sushi tablette,Sel,1 pincée
Sushis,Riz à sushi,500 g
Sushis,Nori (feuilles d'algue),10
Sushis,Saumon cru,500 g
Sushis,Avocat,3
Sushis,Concombre,1
Sushis,Vinaigre de riz,200 ml
Sushis,Sucre,50 g
Sushis,Sel,1 pincée
Tarte au thon,Pâte brisée,2
Tarte au thon,Thon,200 g
Tarte au thon,Tomates,5
Tarte au thon,Crème fraîche,200 ml
Tarte au thon,Œufs,5
Tarte au thon,Fromage râpé,100 g
Tarte au thon,Sel,au goût
Tarte au thon,Poivre,au goût
Tarte aux poireaux,Pâte brisée,2
Tarte aux poireaux,Poireaux,1 kg
Tarte aux poireaux,Crème fraîche,200 ml
Tarte aux poireaux,Œufs,5
Tarte aux poireaux,Fromage râpé,100 g
Tarte aux poireaux,Beurre,50 g
Tarte aux poireaux,Sel,au goût
Tarte aux poireaux,Poivre,au goût
Tarte brocoli chèvre,Pâte brisée,2
Tarte brocoli chèvre,Brocoli,500 g
Tarte brocoli chèvre,Chèvre,200 g
Tarte brocoli chèvre,Crème fraîche,200 ml
Tarte brocoli chèvre,Œufs,5
Tarte brocoli chèvre,Sel,au goût
Tarte brocoli chèvre,Poivre,au goût
Tarte épinard chèvre,Pâte brisée,2
Tarte épinard chèvre,Épinards,500 g
Tarte épinard chèvre,Chèvre,200 g
Tarte épinard chèvre,Crème fraîche,200 ml
Tarte épinard chèvre,Œufs,5
Tarte épinard chèvre,Sel,au goût
Tarte épinard chèvre,Poivre,au goût
tarte poulet cerfeuil,Pâte brisée,2
tarte poulet cerfeuil,Blancs de poulet,1 kg
tarte poulet cerfeuil,Cerfeuil,1 botte
tarte poulet cerfeuil,Crème fraîche,200 ml
tarte poulet cerfeuil,Œufs,5
tarte poulet cerfeuil,Sel,au goût
tarte poulet cerfeuil,Poivre,au goût
Tarte tomate mozzarella,Pâte brisée,2
Tarte tomate mozzarella,Tomates,5
Tarte tomate mozzarella,Mozzarella,200 g
Tarte tomate mozzarella,Basilic,1 botte
Tarte tomate mozzarella,Huile d'olive,au goût
Tarte tomate mozzarella,Sel,au goût
Tarte tomate mozzarella,Poivre,au goût
Tartiflette  Cake Factory,Pommes de terre,1 kg
Tartiflette  Cake Factory,Lardons,200 g
Tartiflette  Cake Factory,Reblochon,500 g
Tartiflette  Cake Factory,Oignons,2
Tartiflette  Cake Factory,Crème fraîche,200 ml
Tartiflette  Cake Factory,Sel,au goût
Tartiflette  Cake Factory,Poivre,au goût
Tian de légumes,Tomates,5
Tian de légumes,Courgettes,3
Tian de légumes,Aubergines,3
Tian de légumes,Poivrons,3
Tian de légumes,Oignons,2
Tian de légumes,Ail,3 gousses
Tian de légumes,Huile d'olive,au goût
Tian de légumes,Sel,au goût
Tian de légumes,Poivre,au goût
Tomates farcies,Tomates,10
Tomates farcies,Bœuf haché,1 kg
Tomates farcies,Oignons,2
Tomates farcies,Ail,3 gousses
Tomates farcies,Fromage râpé,100 g
Tomates farcies,Huile d'olive,au goût
Tomates farcies,Sel,au goût
Tomates farcies,Poivre,au goût
Velouté butternut coco curry  companion,Butternut,1 kg
Velouté butternut coco curry  companion,Curry en poudre,2 cuil. à soupe
Velouté butternut coco curry  companion,Lait de coco,400 ml
Velouté butternut coco curry  companion,Oignons,2
Velouté butternut coco curry  companion,Ail,3 gousses
Velouté butternut coco curry  companion,Bouillon de volaille,1 l
Velouté butternut coco curry  companion,Sel,au goût
Velouté butternut coco curry  companion,Poivre,au goût
velouté champignons,Champignons,1 kg
velouté champignons,Oignons,2
velouté champignons,Ail,3 gousses
velouté champignons,Bouillon de volaille,1 l
velouté champignons,Crème fraîche,200 ml
velouté champignons,Sel,au goût
velouté champignons,Poivre,au goût
Velouté chou fleur lardons  companion,Choufleur,1 kg
Velouté chou fleur lardons  companion,Lardons,200 g
Velouté chou fleur lardons  companion,Oignons,2
Velouté chou fleur lardons  companion,Ail,3 gousses
Velouté chou fleur lardons  companion,Bouillon de volaille,1 l
Velouté chou fleur lardons  companion,Crème fraîche,200 ml
Velouté chou fleur lardons  companion,Sel,au goût
Velouté chou fleur lardons  companion,Poivre,au goût
Velouté courgette kiri  companion,Courgettes,1 kg
Velouté courgette kiri  companion,Kiri,10 portions
Velouté courgette kiri  companion,Oignons,2
Velouté courgette kiri  companion,Ail,3 gousses
Velouté courgette kiri  companion,Bouillon de volaille,1 l
Velouté courgette kiri  companion,Crème fraîche,200 ml
Velouté courgette kiri  companion,Sel,au goût
Velouté courgette kiri  companion,Poivre,au goût
Velouté potiron  companion,Potiron,1 kg
Velouté potiron  companion,Oignons,2
Velouté potiron  companion,Ail,3 gousses
Velouté potiron  companion,Bouillon de volaille,1 l
Velouté potiron  companion,Crème fraîche,200 ml
Velouté potiron  companion,Sel,au goût
Velouté potiron  companion,Poivre,au goût
Velouté potiron carotte coco  companion,Potiron,1 kg
Velouté potiron carotte coco  companion,Carottes,5
Velouté potiron carotte coco  companion,Lait de coco,400 ml
Velouté potiron carotte coco  companion,Oignons,2
Velouté potiron carotte coco  companion,Ail,3 gousses
Velouté potiron carotte coco  companion,Bouillon de volaille,1 l
Velouté potiron carotte coco  companion,Sel,au goût
Velouté potiron carotte coco  companion,Poivre,au goût
Wraps,Tortillas de blé,10
Wraps,Blancs de poulet,1 kg
Wraps,Salade verte,1 tête
Wraps,Tomates,5
Wraps,Fromage râpé,200 g
Wraps,"""Sauce (mayonnaise,  ketchup,  moutarde)""",au goût
Wraps,Sel,au goût
Wraps,Poivre,au goût
